{"component_content":{"id":"CNT-M1-S2-A1","title":"Visualize Your Thoughts: A Beginner's Guide to Mind Mapping","content":[{"id":"M1-S2-A1-C1","type":"text","title":"What is Mind Mapping?","content":"Mind mapping is a visual learning technique that helps you organize and structure your thoughts, ideas, and information. It involves creating a diagram that uses words, images, and colors to represent different concepts and relationships between them. By using mind maps, you can visually connect the dots between your ideas and uncover new insights and perspectives.\n\nAs a beginner, mind mapping may seem intimidating, but with this guide, you'll learn the basics and how to create effective mind maps for personal and professional use.","duration":"15 minutes","difficulty":"intermediate","learning_objectives":[],"parent_component_id":"M1-S2-A1"},{"id":"M1-S2-A1-C2","type":"text","title":"Why Use Mind Mapping?","content":"Mind mapping offers numerous benefits for learners, including:\n\n• Improving memory and retention\n• Enhancing creativity and problem-solving skills\n• Streamlining note-taking and organization\n• Facilitating brainstorming and idea generation\n• Visualizing complex information and relationships\n\nRegular use of mind maps can help you become a more efficient and effective learner.","duration":"15 minutes","difficulty":"intermediate","learning_objectives":[],"parent_component_id":"M1-S2-A1"},{"id":"M1-S2-A1-C3","type":"text","title":"Step-by-Step Guide to Creating a Mind Map","content":"Here's a step-by-step guide to creating your first mind map:\n\n1. Start with a central idea or topic: Write it down in the center of your paper or digital canvas.\n2. Brainstorm related ideas and keywords: Write down as many ideas as you can think of, without worrying about their accuracy or relevance at this stage.\n3. Use keywords and colors to organize: Group similar ideas together using different colors, symbols, and keywords.\n4. Add images and diagrams: Incorporate relevant images and diagrams to make your map more engaging and visual.\n5. Refine and finalize: Review your map, remove any unnecessary information, and adjust the layout as needed.\n\nRemember, practice makes perfect! Don't be afraid to experiment and try different techniques until you find what works best for you.","duration":"15 minutes","difficulty":"intermediate","learning_objectives":[],"parent_component_id":"M1-S2-A1"},{"id":"M1-S2-A1-C4","type":"text","title":"What is the primary purpose of mind mapping?","content":"Mind mapping helps you organize and structure your thoughts, ideas, and information in a visual way.\n\nKey Takeaway: Mind mapping is a powerful tool for improving memory, retention, and creativity.","duration":"15 minutes","difficulty":"intermediate","learning_objectives":[],"parent_component_id":"M1-S2-A1"},{"id":"M1-S2-A1-C5","type":"text","title":"What are some potential benefits of using mind mapping?","content":"Reflect on why you think mind mapping could be useful for your learning and personal life.\n\nKey Takeaway: Mind mapping can help you become a more efficient and effective learner, improve memory retention, and enhance creativity.","duration":"15 minutes","difficulty":"intermediate","learning_objectives":[],"parent_component_id":"M1-S2-A1"},{"id":"M1-S2-A1-C6","type":"text","title":"Getting Started with Mind Mapping","content":"Congratulations! You've completed the mind mapping activity. Remember, practice is key to mastering this technique.\n\nKeep exploring and experimenting with different techniques until you find what works best for you. Happy learning!","duration":"15 minutes","difficulty":"intermediate","learning_objectives":[],"parent_component_id":"M1-S2-A1"}],"parent_module_id":"M1-S2-A1","learning_objectives":[],"estimated_completion":"90 minutes"},"component_id":"M1-S2-A1","course_id":21,"user_id":3,"performance_context":{"quiz_performance":{"topic_scores":{"general":100.0,"problem_solving":50.0,"learning_style":0.0,"logical_reasoning":50.0,"mathematical":50.0,"motivation":0.0},"overall_score":40.0,"weak_areas":["problem_solving","learning_style","logical_reasoning","mathematical","motivation"],"strengths":["general"],"total_questions_answered":10,"question_distribution":{"general":1,"problem_solving":2,"learning_style":2,"logical_reasoning":2,"mathematical":2,"motivation":1}},"component_type":"module"}}