{"component_content":{"id":"CNT-M1-S1-A1","title":"Reading and Summarizing AI History Articles","content":[],"parent_module_id":"M1-S1-A1","learning_objectives":[],"estimated_completion":"0 minutes"},"component_id":"M1-S1-A1","course_id":16,"user_id":1,"performance_context":{"quiz_performance":{"topic_scores":{"general":100.0,"problem_solving":100.0,"learning_style":0.0,"logical_reasoning":100.0,"mathematical":100.0,"motivation":100.0},"overall_score":80.0,"weak_areas":["learning_style"],"strengths":["general","problem_solving","logical_reasoning","mathematical","motivation"],"total_questions_answered":10,"question_distribution":{"general":1,"problem_solving":2,"learning_style":2,"logical_reasoning":2,"mathematical":2,"motivation":1}},"component_type":"module"}}