{"component_content":{"id":"CNT-M1-S1-A2","title":"Discussing AI History with Peers","content":[{"id":"M1-S1-A2-C1","type":"text","title":"Introduction to AI History","content":"<p>Artificial Intelligence (AI) has a rich and diverse history that spans several decades. From its beginnings in the 1950s to the present day, AI has evolved significantly, with various milestones and breakthroughs contributing to its development.</p><p>To understand AI's current state and applications, it's essential to explore its history and key developments. In this module, we'll discuss the major events, figures, and technologies that have shaped AI's evolution.</p>","duration":"15 minutes","difficulty":"intermediate","learning_objectives":[],"parent_component_id":"M1-S1-A2"},{"id":"M1-S1-A2-C2","type":"text","title":"Early Years: 1950s-1970s","content":"<p>The 1950s saw the beginning of AI research, with pioneers like Alan Turing, Marvin Minsky, and John McCarthy laying the foundation for modern AI. Their work focused on theoretical aspects, such as machine learning and natural language processing.</p><p>One notable event from this period was the Dartmouth Summer Research Project on Artificial Intelligence (1956), where researchers developed the first AI program, called Logical Theorist.</p><p>In the 1960s and 1970s, AI research continued to grow, with the development of rule-based systems and expert systems. These early systems were designed to mimic human decision-making processes in specific domains.</p>","duration":"15 minutes","difficulty":"intermediate","learning_objectives":[],"parent_component_id":"M1-S1-A2"},{"id":"M1-S1-A2-C3","type":"text","title":"AI Winter and Resurgence: 1980s-1990s","content":"<p>The 1980s are often referred to as the 'AI winter,' a period when AI research declined due to lack of funding and high failure rates in AI projects.</p><p>However, the resurgence of interest in AI began in the 1990s with the development of machine learning algorithms and the availability of large datasets. This led to significant advancements in areas like image recognition, speech recognition, and natural language processing.</p><p>The Internet and World Wide Web also played a crucial role during this period, enabling rapid sharing of knowledge and resources among researchers.</p>","duration":"15 minutes","difficulty":"intermediate","learning_objectives":[],"parent_component_id":"M1-S1-A2"},{"id":"M1-S1-A2-C4","type":"text","title":"Modern AI: 2000s-Present","content":"<p>The 21st century has seen an explosion of interest in AI, driven by breakthroughs in areas like deep learning and computer vision.</p><p>Applications of modern AI include speech recognition, image recognition, natural language processing, and expert systems. The Internet of Things (IoT) and Big Data have also fueled the growth of AI research.</p><p>In recent years, there has been a growing focus on Explainable AI (XAI), which aims to make AI decision-making processes more transparent and interpretable.</p>","duration":"15 minutes","difficulty":"intermediate","learning_objectives":[],"parent_component_id":"M1-S1-A2"},{"id":"M1-S1-A2-C5","type":"text","title":"Conclusion: Key Takeaways","content":"<p>In conclusion, the history of AI is a rich and complex one, with various milestones and breakthroughs contributing to its development. Understanding these events and figures can provide valuable insights into the current state and applications of AI.</p>","duration":"15 minutes","difficulty":"intermediate","learning_objectives":[],"parent_component_id":"M1-S1-A2"},{"id":"M1-S1-A2-C6","type":"text","title":"Practice Questions","content":"<p>Reflect on your understanding of AI history by answering the following questions:</p><ul><li>Who are some notable pioneers in AI research?</li><li>What was the significance of the Dartmouth Summer Research Project on Artificial Intelligence (1956)?</li><li>How has the Internet and World Wide Web impacted AI research?</li></ul>","duration":"15 minutes","difficulty":"intermediate","learning_objectives":[],"parent_component_id":"M1-S1-A2"},{"id":"M1-S1-A2-C7","type":"text","title":"Reflection Points","content":"<p>Consider the following reflection points to further solidify your understanding of AI history:</p><ol><li>What are some potential risks and challenges associated with the rapid development of AI?</li><li>How can we ensure that AI systems are transparent, explainable, and fair?</li></ol>","duration":"15 minutes","difficulty":"intermediate","learning_objectives":[],"parent_component_id":"M1-S1-A2"},{"id":"M1-S1-A2-C8","type":"text","title":"Additional Resources","content":"<p>To deepen your understanding of AI history, consider exploring the following resources:</p><ul><li>Books: 'The Elements of Statistical Learning' by Trevor Hastie et al., 'Deep Learning' by Ian Goodfellow et al.</li><li>Websites: <a href='https://www.ai.org'>AI Now Institute</a>, <a href='https://www.microsoft.com/ai'></a></li></ul>","duration":"15 minutes","difficulty":"intermediate","learning_objectives":[],"parent_component_id":"M1-S1-A2"},{"id":"M1-S1-A2-C9","type":"text","title":"Key Takeaways","content":"<p>The key takeaways from this module are:</p><ul><li>AI has a rich and diverse history that spans several decades.</li><li>The 1950s saw the beginning of AI research, with notable pioneers like Alan Turing, Marvin Minsky, and John McCarthy.</li><li>The Internet and World Wide Web have significantly impacted AI research in recent years.</li></ul>","duration":"15 minutes","difficulty":"intermediate","learning_objectives":[],"parent_component_id":"M1-S1-A2"}],"parent_module_id":"M1-S1-A2","learning_objectives":[],"estimated_completion":"135 minutes"},"component_id":"M1-S1-A2","course_id":16,"user_id":1,"performance_context":{"quiz_performance":{"topic_scores":{"general":100.0,"problem_solving":100.0,"learning_style":0.0,"logical_reasoning":100.0,"mathematical":100.0,"motivation":100.0},"overall_score":80.0,"weak_areas":["learning_style"],"strengths":["general","problem_solving","logical_reasoning","mathematical","motivation"],"total_questions_answered":10,"question_distribution":{"general":1,"problem_solving":2,"learning_style":2,"logical_reasoning":2,"mathematical":2,"motivation":1}},"component_type":"module"}}