{"component_content":{"id":"CNT-M1-S2-A1","title":"Understanding K-Means Clustering and its Practical Applications","content":[{"id":"M1-S2-A1-C1","type":"text","title":"Introduction to K-Means Clustering","content":"K-Means clustering is an unsupervised machine learning algorithm that partitions data points into distinct clusters based on their similarities. The goal of k-means clustering is to identify patterns and structures within the data by grouping similar values together. In this walkthrough, we will explore how k-means clustering works and its practical applications.\n\nIn this module, you will learn about the key concepts and techniques used in k-means clustering, including cluster initialization, centroid calculation, and convergence criteria.\n\nYou will also work through examples to understand how to apply k-means clustering to real-world data sets. By the end of this module, you will be able to analyze complex datasets and identify patterns using k-means clustering.","duration":"15 minutes","difficulty":"intermediate","learning_objectives":[],"parent_component_id":"M1-S2-A1"},{"id":"M1-S2-A1-C2","type":"text","title":"Understanding the k-Means Algorithm","content":"The k-means algorithm works by iteratively updating the centroids of the clusters until convergence or a stopping criterion is reached.\n\nHere is a step-by-step overview of the k-means algorithm:\n1.  Initialize K cluster centers randomly from the data points.\n2.  Assign each data point to the nearest centroid based on the Euclidean distance.\n3.  Update the centroids by calculating the mean of all data points assigned to each cluster.\n4.  Repeat steps 2 and 3 until convergence or a stopping criterion is reached.\n\nIn this section, we will explore the importance of each step in the k-means algorithm and provide examples to illustrate how it works.","duration":"15 minutes","difficulty":"intermediate","learning_objectives":[],"parent_component_id":"M1-S2-A1"},{"id":"M1-S2-A1-C3","type":"text","title":"Selecting the Optimal Value for k","content":"The choice of k can significantly impact the results of your clustering analysis. In this section, we will discuss common methods for selecting the optimal value of k.\n\nOne popular method is the Elbow Method, which involves plotting the sum of squared distances (SSE) against different values of k and looking for the point at which SSE starts to decrease more slowly. Another approach is to use the Silhouette Coefficient, which measures how well each data point fits into its assigned cluster.\n\nWe will explore these methods in more detail and provide examples to help you understand how to apply them to your own data sets.\n\n*   Elbow Method:\n    +   Plot SSE against different values of k and look for the 'elbow' point where SSE starts to decrease more slowly.\n    +   Choose the value of k corresponding to this point as the optimal solution.\n\n*   Silhouette Coefficient:\n    +   Calculate the silhouette coefficient for each data point using the following formula: ±= \frac{\text { max}(d_i-\text { min}(d_i))}{\text { max}\text{ }(d_i)+\text { min}\text{ }(d_i)}.\n    +   Choose the value of k that maximizes the average silhouette coefficient as the optimal solution.\n\nIn this section, we will explore these methods in more detail and provide examples to help you understand how to apply them to your own data sets.","duration":"15 minutes","difficulty":"intermediate","learning_objectives":[],"parent_component_id":"M1-S2-A1"},{"id":"M1-S2-A1-C4","type":"text","title":"Real-World Applications of K-Means Clustering","content":"K-means clustering has numerous real-world applications, including customer segmentation, image classification, and anomaly detection.\n\nIn this section, we will explore some common scenarios where k-means clustering is used to solve problems such as:\n*   Customer Segmentation: K-means clustering can be used to group customers based on their demographic information, purchasing behavior, or other relevant factors.\n*   Image Classification: K-means clustering can be used to classify images into different categories based on their pixel values.\n*   Anomaly Detection: K-means clustering can be used to identify data points that are significantly different from the rest of the data set.\n\nWe will explore these applications in more detail and provide examples to help you understand how k-means clustering is applied in real-world scenarios.\n\nKey Takeaways:\n*   K-means clustering is a widely used unsupervised machine learning algorithm with numerous practical applications.\n*   Understanding the basic principles of k-means clustering is essential for applying it to real-world problems.\n*   Selecting the optimal value of k can significantly impact the results of your clustering analysis.","duration":"15 minutes","difficulty":"intermediate","learning_objectives":[],"parent_component_id":"M1-S2-A1"}],"parent_module_id":"M1-S2-A1","learning_objectives":[],"estimated_completion":"60 minutes"},"component_id":"M1-S2-A1","course_id":18,"user_id":1,"performance_context":{"quiz_performance":{"topic_scores":{"general":100.0,"problem_solving":100.0,"learning_style":0.0,"logical_reasoning":100.0,"mathematical":100.0,"motivation":100.0},"overall_score":80.0,"weak_areas":["learning_style"],"strengths":["general","problem_solving","logical_reasoning","mathematical","motivation"],"total_questions_answered":10,"question_distribution":{"general":1,"problem_solving":2,"learning_style":2,"logical_reasoning":2,"mathematical":2,"motivation":1}},"component_type":"module"}}