[ {
  "careerField" : "technology",
  "learningMotivation" : "personal_interest",
  "preferredLearningFormat" : "text",
  "professionalStatus" : "student",
  "skillDevelopmentGoal" : "academic",
  "timeAvailability" : "5_to_10",
  "learningChallenges" : "motivation",
  "id" : 1,
  "onlineLearningExperience" : "one",
  "userId" : 1,
  "learningExperience" : "beginner",
  "techComfortLevel" : "beginner"
}, {
  "careerField" : "business",
  "learningMotivation" : "personal_interest",
  "preferredLearningFormat" : "text",
  "professionalStatus" : "student",
  "skillDevelopmentGoal" : "career",
  "timeAvailability" : "less_than_5",
  "learningChallenges" : "time",
  "id" : 2,
  "onlineLearningExperience" : "none",
  "userId" : 2,
  "learningExperience" : "beginner",
  "techComfortLevel" : "beginner"
}, {
  "careerField" : "design",
  "learningMotivation" : "career_advancement",
  "preferredLearningFormat" : "text",
  "professionalStatus" : "student",
  "skillDevelopmentGoal" : "career",
  "timeAvailability" : "less_than_5",
  "learningChallenges" : "time",
  "id" : 3,
  "onlineLearningExperience" : "none",
  "userId" : 3,
  "learningExperience" : "beginner",
  "techComfortLevel" : "beginner"
} ]