{"component_content":{"id":"CNT-M1-S1-A1","title":"Design Thinking Overview","content":[],"parent_module_id":"M1-S1-A1","learning_objectives":[],"estimated_completion":"0 minutes"},"component_id":"M1-S1-A1","course_id":21,"user_id":3,"performance_context":{"quiz_performance":{"topic_scores":{"general":100.0,"problem_solving":50.0,"learning_style":0.0,"logical_reasoning":50.0,"mathematical":50.0,"motivation":0.0},"overall_score":40.0,"weak_areas":["problem_solving","learning_style","logical_reasoning","mathematical","motivation"],"strengths":["general"],"total_questions_answered":10,"question_distribution":{"general":1,"problem_solving":2,"learning_style":2,"logical_reasoning":2,"mathematical":2,"motivation":1}},"component_type":"module"}}