{"component_content":{"id":"CNT-M1-S1-A1","title":"Understanding Balance and Contrast in Design","content":[{"id":"M1-S1-A1-C1","type":"text","title":"Defining Balance in Design","content":"Balance refers to the arrangement of visual elements in a way that creates a sense of stability and harmony. In design, balance can be achieved through various techniques such as symmetry, asymmetry, and radial balance. Symmetric balance involves mirroring elements on either side of a central axis, while asymmetric balance uses uneven distribution of elements to create a dynamic feel. Radial balance, on the other hand, focuses on arranging elements around a central point.\n\nFor example, consider a logo with a circular shape containing the brand name and tagline. The circular shape provides a sense of symmetry, while the placement of the brand name and tagline within the circle creates balance through radial balance.\n\nKey Takeaways:\n• Balance refers to the arrangement of visual elements in design.\n• Balance can be achieved through symmetry, asymmetry, or radial balance.\n• Symmetric balance involves mirroring elements on either side of a central axis.","duration":"15 minutes","difficulty":"intermediate","learning_objectives":[{"id":"design_principles_1","description":"Understand the definition of balance and contrast in design."}],"parent_component_id":"M1-S1-A1"}],"parent_module_id":"M1-S1-A1","learning_objectives":[{"id":"design_principles_1","description":"Understand the definition of balance and contrast in design."}],"estimated_completion":"15 minutes"},"component_id":"M1-S1-A1","course_id":22,"user_id":3,"performance_context":{"quiz_performance":{"topic_scores":{"general":100.0,"problem_solving":50.0,"learning_style":0.0,"logical_reasoning":50.0,"mathematical":50.0,"motivation":0.0},"overall_score":40.0,"weak_areas":["problem_solving","learning_style","logical_reasoning","mathematical","motivation"],"strengths":["general"],"total_questions_answered":10,"question_distribution":{"general":1,"problem_solving":2,"learning_style":2,"logical_reasoning":2,"mathematical":2,"motivation":1}},"component_type":"module"}}