{"learning_path":{"modules":[{"id":"M1","title":"Introduction to Artificial Intelligence","description":"This module introduces the basics of Artificial Intelligence, including its history, types, and applications.","sub_modules":[{"id":"M1-S1","title":"History of Artificial Intelligence","description":"This submodule covers the evolution of AI, from its inception to the present day.","activities":[{"id":"M1-S1-A1","title":"Reading and Summarizing AI History Articles","duration":60,"description":"Read a list of articles about the history of AI and summarize their main points."},{"id":"M1-S1-A2","title":"Discussing AI History with Peers","duration":30,"description":"Engage in a group discussion to share perspectives on the evolution of AI.","quiz":{"question1":"What is considered the birth year of AI?","answer1":"1950"}},{"id":"M1-S1-A3","title":"Types of Artificial Intelligence","description":"This submodule explores the main types of AI, including narrow or weak AI and general or strong AI.","activities":[{"id":"Activity1.2.1: Watch a video on Narrow vs General AI","title":"Watching a Video on Narrow vs General AI","duration":45,"description":"Watch a short video that explains the differences between narrow and general AI.","quiz":{"question2":"What is the main difference between narrow and general AI?","answer2":"Narrow AI focuses on one task, while general AI can perform multiple tasks"}},{"id":"Submodule1.3: Applications of AI","title":"Applications of Artificial Intelligence","description":"This submodule covers various applications of AI in different fields.","activities":[{"id":"Activity1.3.1: Research and list AI applications","title":"Researching and Listing AI Applications","duration":90,"description":"Research the current applications of AI in several fields, such as healthcare or finance.","quiz":{"question3":"What is an example of AI's application in medicine?","answer3":"Image recognition to aid medical diagnosis"}},{"id":"Submodule1.4: Ethics and Bias in AI","title":"Ethics and Bias in Artificial Intelligence","description":"This submodule explores the importance of considering ethics and bias when developing AI systems.","activities":[{"id":"Activity1.4.1: Watch a video on AI bias","title":"Watching a Video on AI Bias","duration":30,"description":"Watch a short video that explains how AI can perpetuate biases and stereotypes.","quiz":{"question4":"What is one way AI systems can exhibit bias?","answer4":"Through the data they are trained on"}},{"id":"Submodule1.5: Conclusion","title":"Conclusion to Module 1","description":"This submodule wraps up module one's topics and encourages learners to continue learning about AI.","activities":[{"id":"Activity1.5.1: Reflect on what was learned in the first module","title":"Reflecting on Module 1 Content","duration":30,"description":"Write down a few key takeaways and insights from learning about AI's history, types, applications, ethics, and more.","quiz":{"question5":"What was the main takeaway from this module?","answer5":""}},{"id":"Submodule1.6: Assignments","title":"Assignment for Module 1","description":"This submodule assigns a few tasks to learners, such as writing an essay on AI history or creating a mind map of AI types.","activities":[{"id":"Activity1.6.1: Write an essay on the impact of AI on society","title":"Writing an Essay on AI's Impact on Society","duration":180,"description":"Write a well-structured, 3-4 page essay on how AI is changing the world.","quiz":{"question6":"What are some potential drawbacks of relying too heavily on AI?","answer6":"Increased job loss and decreased human interaction"}},{"id":"Submodule1.7: Peer Review","title":"Peer Review for Module 1 Assignments","description":"This submodule provides a mechanism for learners to review and provide feedback on each other's work.","activities":[{"id":"Activity1.7.1: Review written assignments of peers","title":"Reviewing Peer Written Assignments","duration":120,"description":"Read through the essays submitted by peers, providing constructive feedback to improve their work.","quiz":{"question7":"What is the main point you want to convey in your feedback?","answer7":"Helping them improve and refine their writing."}},{"id":"Activity1.7.2: Review peer-received feedback","title":"Reviewing Peer Feedback on Your Work","duration":90,"description":"Read through the feedback given to your written assignment, identifying areas for improvement and considering how to implement those suggestions in future assignments.","quiz":{"question8":"What is one way to ensure you are making progress in improving your writing?","answer8":"Regularly receiving and acting on peer feedback."}},{"id":"Submodule1.8: Quizzes","title":"Quizzes for Module 1","description":"This submodule contains a few quizzes to test the learner's understanding of AI concepts.","activities":[{"id":"Quiz1","title":"Quiz 1: AI History","duration":30,"description":"Take this quiz to assess your knowledge of AI history."}],"module_duration":300}]}]}]}]}]}]}]}]}]},"course_id":16,"user_id":1,"quiz_performance":{"topic_scores":{"general":100.0,"problem_solving":100.0,"learning_style":0.0,"logical_reasoning":100.0,"mathematical":100.0,"motivation":100.0},"overall_score":80.0,"weak_areas":["learning_style"],"strengths":["general","problem_solving","logical_reasoning","mathematical","motivation"],"total_questions_answered":10,"question_distribution":{"general":1,"problem_solving":2,"learning_style":2,"logical_reasoning":2,"mathematical":2,"motivation":1}}}