{"learning_path":{"modules":[{"id":"M1","title":"Introduction to Data Structures","description":"This module aims to introduce students to the importance and significance of data structures. Students will learn about the basic concepts, types, and applications of various data structures.","sub_modules":[{"id":"M1-S1","title":"Data Structures Fundamentals","description":"This sub-module focuses on the basic concepts and operations of arrays and linked lists. Students will understand how to implement, manipulate, and optimize these data structures.","activities":[{"id":"M1-S1-A1","title":"Learn Array Operations","description":"Practice understanding array operations including indexing, slicing, concatenation, and sorting.","duration":30,"quiz_performance_adjustment":-10},{"id":"M1-S1-A2","title":"Understand Linked Lists Basics","description":"Understand the concept of a linked list, its types, and basic operations such as insertion, deletion, and traversal.","duration":30,"quiz_performance_adjustment":-10}]},{"id":"M1-S2","title":"Data Structures Applications","description":"In this sub-module, students will learn about real-world applications of various data structures such as stacks, queues, trees, and graphs.","activities":[{"id":"M1-S2-A1","title":"Understand Stacks and Queues","description":"Learn the concepts and operations of stacks and queues. Understand their use cases in programming.","duration":30,"quiz_performance_adjustment":-10},{"id":"M1-S2-A2","title":"Study Tree Data Structures","description":"Learn the concept of tree data structures including binary trees, AVL trees, and BSTs. Understand their use cases in programming.","duration":30,"quiz_performance_adjustment":-10}]},{"id":"M1-S3","title":"Practice Problem-Solving","description":"In this module, students will engage in various problems to develop their problem-solving skills. Students will apply the concepts learned from previous modules.","activities":[{"id":"M1-S3-A1","title":"Practice Data Structures Problems","description":"Solve practice problems related to data structures and algorithms using online platforms or coding challenges.","duration":45,"quiz_performance_adjustment":-10},{"id":"M1-S3-A2","title":"Participate in Online Challenges","description":"Engage with online coding challenges and participate in problem-solving sessions to develop problem-solving skills.","duration":45,"quiz_performance_adjustment":-10}]}],"difficulty_level":null}],"quiz_adaptations":["Practice array operations, linked list basics","Understand stacks and queues applications","Study tree data structures"]},"course_id":17,"user_id":1,"quiz_performance":{"topic_scores":{"general":100.0,"problem_solving":100.0,"learning_style":0.0,"logical_reasoning":100.0,"mathematical":100.0,"motivation":100.0},"overall_score":80.0,"weak_areas":["learning_style"],"strengths":["general","problem_solving","logical_reasoning","mathematical","motivation"],"total_questions_answered":10,"question_distribution":{"general":1,"problem_solving":2,"learning_style":2,"logical_reasoning":2,"mathematical":2,"motivation":1}}}