{"learning_path":{"modules":[{"id":"M1","title":"Machine Learning Fundamentals","description":"Introduction to machine learning, covering the basics of supervised and unsupervised learning.","sub_modules":[{"id":"M1-S1","title":"Linear Regression and Logistic Regression","description":"Understanding linear regression and logistic regression algorithms, including data preprocessing and model evaluation.","activities":[{"id":"M1-S1-A1","title":"Linear Regression Example Walkthrough","description":"Guided walkthrough of a linear regression example using Python."},{"id":"M1-S1-A2","title":"Logistic Regression Example Walkthrough","description":"Guided walkthrough of a logistic regression example using Python."}]},{"id":"M1-S2","title":"Clustering and Dimensionality Reduction","description":"Understanding clustering algorithms (k-means, hierarchical) and dimensionality reduction techniques (PCA, t-SNE).","activities":[{"id":"M1-S2-A1","title":"K-Means Clustering Example Walkthrough","description":"Guided walkthrough of a k-means clustering example using Python."},{"id":"M1-S2-A2","title":"PCA and t-SNE Dimensionality Reduction Example Walkthrough","description":"Guided walkthrough of PCA and t-SNE dimensionality reduction examples using Python."}]}],"objectives":["Understanding the basics of supervised and unsupervised learning.","Applying linear regression and logistic regression algorithms to solve real-world problems.","Implementing clustering algorithms (k-means, hierarchical) and dimensionality reduction techniques (PCA, t-SNE)."]},{"id":"M2","title":"Machine Learning Algorithms","description":"Deep dive into machine learning algorithms, including decision trees, random forests, neural networks, and gradient boosting.","sub_modules":[{"id":"M2-S1","title":"Decision Trees and Random Forests","description":"Understanding decision trees and random forests algorithms, including feature selection and hyperparameter tuning.","activities":[{"id":"M2-S1-A1","title":"Decision Tree Example Walkthrough","description":"Guided walkthrough of a decision tree example using Python."},{"id":"M2-S1-A2","title":"Random Forest Example Walkthrough","description":"Guided walkthrough of a random forest example using Python."}]},{"id":"M2-S2","title":"Neural Networks and Gradient Boosting","description":"Understanding neural networks and gradient boosting algorithms, including backpropagation and hyperparameter tuning.","activities":[{"id":"M2-S2-A1","title":"Neural Network Example Walkthrough","description":"Guided walkthrough of a neural network example using Python."},{"id":"M2-S2-A2","title":"Gradient Boosting Example Walkthrough","description":"Guided walkthrough of a gradient boosting example using Python."}]}],"objectives":["Understanding decision trees and random forests algorithms, including feature selection and hyperparameter tuning.","Implementing neural networks and gradient boosting algorithms to solve complex problems."]},{"id":"M3","title":"Machine Learning with Python","description":"Learning popular machine learning libraries (scikit-learn, TensorFlow, Keras) and implementing algorithms using Python.","sub_modules":[{"id":"M3-S1","title":"Scikit-Learn Tutorial","description":"Introduction to scikit-learn library, including data preprocessing, model selection, and hyperparameter tuning.","activities":[{"id":"M3-S1-A1","title":"Scikit-Learn Example Walkthrough","description":"Guided walkthrough of a scikit-learn example using Python."},{"id":"M3-S1-A2","title":"Data Preprocessing and Model Evaluation","description":"Practical exercises on data preprocessing, feature selection, and model evaluation using scikit-learn."}]},{"id":"M3-S2","title":"TensorFlow and Keras Tutorial","description":"Introduction to TensorFlow and Keras libraries, including neural network architecture and deep learning.","activities":[{"id":"M3-S2-A1","title":"TensorFlow Example Walkthrough","description":"Guided walkthrough of a TensorFlow example using Python."},{"id":"M3-S2-A2","title":"Keras Model Development","description":"Practical exercises on building and training neural networks using Keras."}]}],"objectives":["Implementing machine learning algorithms using scikit-learn library, including data preprocessing and model evaluation.","Building and training neural networks using TensorFlow and Keras libraries."]}]},"course_id":18,"user_id":1,"quiz_performance":{"topic_scores":{"general":100.0,"problem_solving":100.0,"learning_style":0.0,"logical_reasoning":100.0,"mathematical":100.0,"motivation":100.0},"overall_score":80.0,"weak_areas":["learning_style"],"strengths":["general","problem_solving","logical_reasoning","mathematical","motivation"],"total_questions_answered":10,"question_distribution":{"general":1,"problem_solving":2,"learning_style":2,"logical_reasoning":2,"mathematical":2,"motivation":1}}}