{"learning_path":{"modules":[{"id":"M1","title":"Module 1: Business Fundamentals Overview","description":"Introduction to business fundamentals, including definitions and key concepts.","sub_modules":[{"id":"M1-S1","title":"Business Types and Functions","description":"Explore different types of businesses (sole proprietorship, partnership, corporation) and their functions.","activities":[{"type":"multiple_choice_quizzes","learning_objectives":["business_definitions","business_types"],"duration":"2 hours","id":"M1-S1-A1"},{"type":"short_answer_questions","learning_objectives":["business_functions"],"duration":"1 hour","id":"M1-S1-A2"}]},{"id":"M1-S2","title":"Business Structure and Governance","description":"Learn about the different structures (sole proprietorship, partnership, corporation) and governance models.","activities":[{"type":"short_answer_questions","learning_objectives":["business_governance","legal_requirements"],"duration":"1.5 hours","id":"M1-S2-A1"},{"type":"multiple_choice_quizzes","learning_objectives":["business_structure","laws_and_regulations"],"duration":"2.5 hours","id":"M1-S2-A2"}]}],"duration":"4 hours"},{"id":"M2","title":"Module 2: Financial Management and Accounting","description":"Introduction to financial management, accounting principles and practices.","sub_modules":[{"id":"M2-S1","title":"Financial Statements and Analysis","description":"Learn about different types of financial statements (balance sheet, income statement) and their analysis.","activities":[{"type":"multiple_choice_quizzes","learning_objectives":["financial_statements","financial_analysis"],"duration":"3 hours","id":"M2-S1-A1"},{"type":"short_answer_questions","learning_objectives":["accounting_principles"],"duration":"2 hours","id":"M2-S1-A2"}]},{"id":"M2-S2","title":"Financial Planning and Budgeting","description":"Learn how to prepare financial plans and budgets.","activities":[{"type":"short_answer_questions","learning_objectives":["financial_planning","budgeting"],"duration":"2.5 hours","id":"M2-S2-A1"},{"type":"multiple_choice_quizzes","learning_objectives":["cash_flow_management","return_on_investment"],"duration":"3.5 hours","id":"M2-S2-A2"}]}],"duration":"7.5 hours"},{"id":"M3","title":"Module 3: Marketing and Sales","description":"Introduction to marketing and sales strategies.","sub_modules":[{"id":"M3-S1","title":"Marketing Mix and Segmentation","description":"Learn about the 4 Ps of marketing (product, price, promotion, place) and segmentation techniques.","activities":[{"type":"short_answer_questions","learning_objectives":["marketing_mix","segmentation"],"duration":"2.5 hours","id":"M3-S1-A1"},{"type":"multiple_choice_quizzes","learning_objectives":["target_market_analysis","competitive_analysis"],"duration":"3 hours","id":"M3-S1-A2"}]},{"id":"M3-S2","title":"Sales Strategies and Techniques","description":"Learn about different sales strategies (b2b, b2c) and techniques.","activities":[{"type":"short_answer_questions","learning_objectives":["sales_strategies","sales_techniques"],"duration":"2.5 hours","id":"M3-S2-A1"},{"type":"multiple_choice_quizzes","learning_objectives":["account_sales","commission_structure"],"duration":"3 hours","id":"M3-S2-A2"}]}],"duration":"7 hours"},{"id":"M4","title":"Module 4: Human Resource Management and Operations","description":"Introduction to human resource management, operations management.","sub_modules":[{"id":"M4-S1","title":"Human Resources and Recruitment","description":"Learn about the different aspects of HRM (recruitment, selection, training) and recruitment strategies.","activities":[{"type":"short_answer_questions","learning_objectives":["human_resources","recruitment"],"duration":"2.5 hours","id":"M4-S1-A1"},{"type":"multiple_choice_quizzes","learning_objectives":["job_description","interview_process"],"duration":"3 hours","id":"M4-S1-A2"}]},{"id":"M4-S2","title":"Operations Management and Supply Chain","description":"Learn about operations management, supply chain strategies and logistics.","activities":[{"type":"short_answer_questions","learning_objectives":["operations_management","supply_chain"],"duration":"2.5 hours","id":"M4-S2-A1"},{"type":"multiple_choice_quizzes","learning_objectives":["inventory_management","demand_forecasting"],"duration":"3.5 hours","id":"M4-S2-A2"}]}],"duration":"7.5 hours"}],"quiz_adaptations":["problem_solving"]},"course_id":19,"user_id":2,"quiz_performance":{"topic_scores":{"general":100.0,"problem_solving":50.0,"learning_style":0.0,"logical_reasoning":50.0,"mathematical":50.0,"motivation":100.0},"overall_score":50.0,"weak_areas":["problem_solving","learning_style","logical_reasoning","mathematical"],"strengths":["general","motivation"],"total_questions_answered":10,"question_distribution":{"general":1,"problem_solving":2,"learning_style":2,"logical_reasoning":2,"mathematical":2,"motivation":1}}}