{"learning_path":{"modules":[{"id":"M1","title":"Career Development Basics","description":"Learn the fundamentals of a career development path for design.","sub_modules":[{"id":"M1-S1","title":"Defining Your Career Goals","description":"Identify your strengths, weaknesses, and interests to create a personalized career plan.","activities":[{"type":"Quiz","name":"Career Goal Assessment","id":"M1-S1-A1"},{"type":"Discussion Forum","name":"Sharing Career Goals with Peers","id":"M1-S1-A2"}],"learning_outcomes":["Define your career goals.","Identify your strengths, weaknesses, and interests."]},{"id":"M1-S2","title":"Career Development Frameworks","description":"Learn about common career development frameworks for design professionals.","activities":[{"type":"Video Lecture","name":"Introduction to Career Development Frameworks","id":"M1-S2-A1"},{"type":"Case Study","name":"Analyzing a Design Professional's Career Path","id":"M1-S2-A2"}],"learning_outcomes":["Understand common career development frameworks for design professionals.","Apply these frameworks to your own career path."]}]},{"id":"M2","title":"Design-Specific Skills Development","description":"Build essential skills for a successful career in design.","sub_modules":[{"id":"M2-S1","title":"Visual Design Principles","description":"Master visual design principles to create effective and visually appealing designs.","activities":[{"type":"Hands-On Project","name":"Creating a Visual Design Portfolio","id":"M2-S1-A1"},{"type":"Collaborative Workspace","name":"Peer Review of Designs","id":"M2-S1-A2"}],"learning_outcomes":["Understand visual design principles and how to apply them in practice.","Develop effective design skills for professional projects."]},{"id":"M2-S2","title":"User Experience (UX) Fundamentals","description":"Learn the basics of UX design to create user-centered designs.","activities":[{"type":"Interactive Tutorial","name":"Understanding User Experience Principles","id":"M2-S2-A1"},{"type":"Case Study Analysis","name":"Analyzing a Design's Effectiveness for Users","id":"M2-S2-A2"}],"learning_outcomes":["Understand the basics of UX design and how to apply them in practice.","Develop skills for creating user-centered designs."]}]},{"id":"M3","title":"Soft Skills Development","description":"Cultivate essential soft skills for a successful career in design.","sub_modules":[{"id":"M3-S1","title":"Communication and Collaboration","description":"Develop strong communication and collaboration skills to work effectively with teams and clients.","activities":[{"type":"Video Lecture","name":"Effective Communication in Design Teams","id":"M3-S1-A1"},{"type":"Role-Playing Exercise","name":"Practicing Effective Communication with Peers","id":"M3-S1-A2"}],"learning_outcomes":["Understand the importance of communication and collaboration in design teams.","Develop skills for effective communication and collaboration."]},{"id":"M3-S2","title":"Time Management and Productivity","description":"Learn strategies for efficient time management and productivity to meet deadlines and deliver quality work.","activities":[{"type":"Workshop Session","name":"Effective Time Management Strategies","id":"M3-S2-A1"},{"type":"Journaling Exercise","name":"Tracking Your Productivity and Time Management","id":"M3-S2-A2"}],"learning_outcomes":["Understand the importance of time management and productivity in design work.","Develop strategies for efficient time management and productivity."]}]},{"id":"M4","title":"Career Advancement Strategies","description":"Learn how to advance your career as a professional designer.","sub_modules":[{"id":"M4-S1","title":"Networking and Building Relationships","description":"Understand the importance of networking and building relationships for career advancement in design.","activities":[{"type":"Webinar","name":"Building Your Professional Network","id":"M4-S1-A1"},{"type":"Mentorship Program","name":"Finding a Mentor in Your Industry","id":"M4-S1-A2"}],"learning_outcomes":["Understand the importance of networking and building relationships for career advancement.","Develop strategies for effective networking and relationship-building."]},{"id":"M4-S2","title":"Continuous Learning and Skill Development","description":"Learn how to stay up-to-date with industry trends and develop new skills to advance your career as a professional designer.","activities":[{"type":"Online Course","name":"Staying Current with Industry Trends","id":"M4-S2-A1"},{"type":"Peer Review Workshop","name":"Sharing Knowledge and Best Practices with Peers","id":"M4-S2-A2"}],"learning_outcomes":["Understand the importance of continuous learning and skill development for career advancement.","Develop strategies for staying current with industry trends and developing new skills."]}]},{"id":"M5","title":"Career Development Plan","description":"Create a comprehensive career development plan based on your goals, strengths, and interests.","sub_modules":[{"id":"M5-S1","title":"Setting SMART Goals","description":"Learn how to set specific, measurable, achievable, relevant, and time-bound (SMART) goals for your career development.","activities":[{"type":"Worksheet","name":"Goal Setting Worksheet","id":"M5-S1-A1"},{"type":"Peer Review Session","name":"Sharing Your Career Goals with Peers","id":"M5-S1-A2"}],"learning_outcomes":["Understand the importance of setting SMART goals for career development.","Develop skills for effective goal-setting."]},{"id":"M5-S2","title":"Action Plan Development","description":"Learn how to develop an action plan based on your career development goals and strategies.","activities":[{"type":"Mind Mapping Exercise","name":"Brainstorming Action Steps","id":"M5-S2-A1"},{"type":"Peer Review Session","name":"Sharing Your Action Plan with Peers","id":"M5-S2-A2"}],"learning_outcomes":["Understand the importance of developing an action plan for career development.","Develop skills for effective action planning."]}]}],"quiz_adaptations":["Based on user performance, adjust difficulty level for each activity."]},"course_id":20,"user_id":3,"quiz_performance":{"topic_scores":{"general":100.0,"problem_solving":50.0,"learning_style":0.0,"logical_reasoning":50.0,"mathematical":50.0,"motivation":0.0},"overall_score":40.0,"weak_areas":["problem_solving","learning_style","logical_reasoning","mathematical","motivation"],"strengths":["general"],"total_questions_answered":10,"question_distribution":{"general":1,"problem_solving":2,"learning_style":2,"logical_reasoning":2,"mathematical":2,"motivation":1}}}