{"learning_path":{"modules":[{"id":"M1","title":"Design Thinking for Career Advancement","description":"This module introduces the core principles of design thinking and its application to career advancement.","sub_modules":[{"id":"M1-S1","title":"Understanding Design Thinking Principles","description":"In this sub-module, you will learn about empathy, define, ideate, prototype, and test in the context of design thinking.","activities":[{"id":"M1-S1-A1","title":"Design Thinking Overview","type":"Video Lecture","description":"Watch a video lecture that explains the basics of design thinking.","duration":45},{"id":"M1-S1-A2","title":"Empathy Exercise","type":"Group Discussion","description":"Participate in a group discussion to practice empathy and active listening.","duration":60}]},{"id":"M1-S2","title":"Design Thinking Tools","description":"In this sub-module, you will learn about the design thinking tools used in ideation, prototyping, and testing.","activities":[{"id":"M1-S2-A1","title":"Mind Mapping Activity","type":"Individual Work","description":"Create a mind map to visualize your ideas using design thinking principles.","duration":30},{"id":"M1-S2-A2","title":"Prototyping Exercise","type":"Pair Programming","description":"Participate in pair programming to practice prototyping and testing.","duration":45}]}]},{"id":"M2","title":"Design Thinking Challenges","description":"In this module, you will apply design thinking principles to real-world problems and challenges in your career advancement.","sub_modules":[{"id":"M2-S1","title":"Career Development Challenge","description":"Participate in a group challenge to develop a new skill or industry that aligns with your career goals.","activities":[{"id":"M2-S1-A1","title":"Group Brainstorming Session","type":"Group Discussion","description":"Participate in a group brainstorming session to generate ideas for your career development challenge.","duration":90},{"id":"M2-S1-A2","title":"Personal Project Development","type":"Individual Work","description":"Develop a personal project that demonstrates your application of design thinking principles in your career advancement.","duration":120}]},{"id":"M2-S2","title":"Reflect and Improve","description":"In this sub-module, you will reflect on your progress and identify areas for improvement in applying design thinking principles to your career advancement.","activities":[{"id":"M2-S2-A1","title":"Self-Assessment Exercise","type":"Individual Work","description":"Complete a self-assessment exercise to evaluate your progress and identify areas for improvement.","duration":45},{"id":"M2-S2-A2","title":"Peer Feedback Session","type":"Pair Programming","description":"Participate in peer feedback to receive constructive feedback from peers on your self-assessment exercise.","duration":60}]}]}]},"course_id":21,"user_id":3,"quiz_performance":{"topic_scores":{"general":100.0,"problem_solving":50.0,"learning_style":0.0,"logical_reasoning":50.0,"mathematical":50.0,"motivation":0.0},"overall_score":40.0,"weak_areas":["problem_solving","learning_style","logical_reasoning","mathematical","motivation"],"strengths":["general"],"total_questions_answered":10,"question_distribution":{"general":1,"problem_solving":2,"learning_style":2,"logical_reasoning":2,"mathematical":2,"motivation":1}}}