{"learning_path":{"modules":[{"id":"M1","title":"Design Principles","description":"Learn about the fundamental principles of design, including balance, contrast, emphasis, movement, pattern, unity, and white space.","sub_modules":[{"id":"M1-S1","title":"Balance and Contrast","description":"Understand the concepts of balance and contrast in design, including symmetrical and asymmetrical composition.","activities":[{"type":"quiz","title":"Quiz 1: Design Principles","learning_objectives":[{"id":"design_principles_1","description":"Understand the definition of balance and contrast in design."}],"id":"M1-S1-A1"},{"type":"exercise","title":"Design Exercise: Balance and Contrast","learning_objectives":[{"id":"design_principles_2","description":"Apply the concept of balance to a design composition."}],"id":"M1-S1-A2"},{"type":"watch_video","title":"Watch Video: Design Principles","learning_objectives":[{"id":"design_principles_3","description":"Understand how contrast is used in design to create visual interest."}],"id":"M1-S1-A3"}]},{"id":"M1-S2","title":"Emphasis and Movement","description":"Learn about the role of emphasis and movement in creating visually appealing designs.","activities":[{"type":"quiz","title":"Quiz 2: Emphasis and Movement","learning_objectives":[{"id":"design_principles_4","description":"Understand how emphasis is used to draw attention in design."}],"id":"M1-S2-A1"},{"type":"exercise","title":"Design Exercise: Emphasis and Movement","learning_objectives":[{"id":"design_principles_5","description":"Apply the concept of movement to create a sense of energy in a design."}],"id":"M1-S2-A2"},{"type":"watch_video","title":"Watch Video: Emphasis and Movement","learning_objectives":[{"id":"design_principles_6","description":"Understand how to use visual hierarchy to create emphasis in design."}],"id":"M1-S2-A3"}]},{"id":"M1-S3","title":"Pattern and Unity","description":"Learn about the role of pattern and unity in creating visually appealing designs.","activities":[{"type":"quiz","title":"Quiz 3: Pattern and Unity","learning_objectives":[{"id":"design_principles_7","description":"Understand how pattern is used to create visual interest in design."}],"id":"M1-S3-A1"},{"type":"exercise","title":"Design Exercise: Pattern and Unity","learning_objectives":[{"id":"design_principles_8","description":"Apply the concept of unity to create a cohesive design."}],"id":"M1-S3-A2"},{"type":"watch_video","title":"Watch Video: Pattern and Unity","learning_objectives":[{"id":"design_principles_9","description":"Understand how to use repetition and symmetry to create unity in design."}],"id":"M1-S3-A3"}]},{"id":"M1-S4","title":"White Space","description":"Learn about the role of white space in creating a visually appealing design.","activities":[{"type":"quiz","title":"Quiz 4: White Space","learning_objectives":[{"id":"design_principles_10","description":"Understand the importance of white space in creating a clean design."}],"id":"M1-S4-A1"},{"type":"exercise","title":"Design Exercise: White Space","learning_objectives":[{"id":"design_principles_11","description":"Apply the concept of white space to create a more balanced design."}],"id":"M1-S4-A2"},{"type":"watch_video","title":"Watch Video: White Space","learning_objectives":[{"id":"design_principles_12","description":"Understand how to use white space effectively in design."}],"id":"M1-S4-A3"}]}]},{"id":"M2","title":"Problem Solving","description":"Learn various techniques for problem solving, including analysis, brainstorming, and decision-making.","sub_modules":[{"id":"M2-S1","title":"Analysis","description":"Learn how to analyze problems and identify key issues.","activities":[{"type":"quiz","title":"Quiz 1: Analysis","learning_objectives":[{"id":"problem_solving_1","description":"Understand how to break down complex problems into manageable parts."}],"id":"M2-S1-A1"},{"type":"exercise","title":"Design Exercise: Analysis","learning_objectives":[{"id":"problem_solving_2","description":"Apply the concept of analysis to a real-world problem."}],"id":"M2-S1-A2"}]},{"id":"M2-S2","title":"Brainstorming","description":"Learn how to generate creative ideas and solutions through brainstorming techniques.","activities":[{"type":"quiz","title":"Quiz 2: Brainstorming","learning_objectives":[{"id":"problem_solving_3","description":"Understand how to generate and evaluate ideas in a brainstorming session."}],"id":"M2-S2-A1"},{"type":"exercise","title":"Design Exercise: Brainstorming","learning_objectives":[{"id":"problem_solving_4","description":"Apply the concept of brainstorming to generate creative solutions."}],"id":"M2-S2-A2"}]},{"id":"M2-S3","title":"Decision Making","description":"Learn how to make informed decisions by evaluating options and considering outcomes.","activities":[{"type":"quiz","title":"Quiz 3: Decision Making","learning_objectives":[{"id":"problem_solving_5","description":"Understand how to evaluate options and consider outcomes in a decision-making process."}],"id":"M2-S3-A1"},{"type":"exercise","title":"Design Exercise: Decision Making","learning_objectives":[{"id":"problem_solving_6","description":"Apply the concept of decision making to make informed choices."}],"id":"M2-S3-A2"}]}]},{"id":"M3","title":"Learning Style","description":"Learn about different learning styles and how to adapt your teaching methods to meet individual needs.","sub_modules":[{"id":"M3-S1","title":"Visual Learning","description":"Understand how visual learners process information and learn best.","activities":[{"type":"quiz","title":"Quiz 1: Visual Learning","learning_objectives":[{"id":"learning_style_1","description":"Understand how visual learners process information and learn best."}],"id":"M3-S1-A1"},{"type":"exercise","title":"Design Exercise: Visual Learning","learning_objectives":[{"id":"learning_style_2","description":"Apply the concept of visual learning to create engaging visual materials."}],"id":"M3-S1-A2"}]},{"id":"M3-S2","title":"Auditory Learning","description":"Understand how auditory learners process information and learn best.","activities":[{"type":"quiz","title":"Quiz 2: Auditory Learning","learning_objectives":[{"id":"learning_style_3","description":"Understand how auditory learners process information and learn best."}],"id":"M3-S2-A1"},{"type":"exercise","title":"Design Exercise: Auditory Learning","learning_objectives":[{"id":"learning_style_4","description":"Apply the concept of auditory learning to create engaging audio materials."}],"id":"M3-S2-A2"}]},{"id":"M3-S3","title":"Kinesthetic Learning","description":"Understand how kinesthetic learners process information and learn best.","activities":[{"type":"quiz","title":"Quiz 3: Kinesthetic Learning","learning_objectives":[{"id":"learning_style_5","description":"Understand how kinesthetic learners process information and learn best."}],"id":"M3-S3-A1"},{"type":"exercise","title":"Design Exercise: Kinesthetic Learning","learning_objectives":[{"id":"learning_style_6","description":"Apply the concept of kinesthetic learning to create engaging hands-on materials."}],"id":"M3-S3-A2"}]},{"id":"M3-S4","title":"Tactile Learning","description":"Understand how tactile learners process information and learn best.","activities":[{"type":"quiz","title":"Quiz 4: Tactile Learning","learning_objectives":[{"id":"learning_style_7","description":"Understand how tactile learners process information and learn best."}],"id":"M3-S4-A1"},{"type":"exercise","title":"Design Exercise: Tactile Learning","learning_objectives":[{"id":"learning_style_8","description":"Apply the concept of tactile learning to create engaging hands-on materials."}],"id":"M3-S4-A2"}]}]},{"id":"M4","title":"Decision Making","description":"Learn various techniques for decision making, including weighing pros and cons, considering multiple perspectives, and evaluating evidence.","sub_modules":[{"id":"M4-S1","title":"Weighing Pros and Cons","description":"Understand how to weigh the advantages and disadvantages of a decision and choose the best option.","activities":[{"type":"quiz","title":"Quiz 1: Weighing Pros and Cons","learning_objectives":[{"id":"decision_making_1","description":"Understand how to weigh the advantages and disadvantages of a decision and choose the best option."}],"id":"M4-S1-A1"},{"type":"exercise","title":"Design Exercise: Weighing Pros and Cons","learning_objectives":[{"id":"decision_making_2","description":"Apply the concept of weighing pros and cons to make an informed decision."}],"id":"M4-S1-A2"}]},{"id":"M4-S2","title":"Considering Multiple Perspectives","description":"Understand how to consider different perspectives when making a decision and avoid groupthink.","activities":[{"type":"quiz","title":"Quiz 2: Considering Multiple Perspectives","learning_objectives":[{"id":"decision_making_3","description":"Understand how to consider different perspectives when making a decision and avoid groupthink."}],"id":"M4-S2-A1"},{"type":"exercise","title":"Design Exercise: Considering Multiple Perspectives","learning_objectives":[{"id":"decision_making_4","description":"Apply the concept of considering multiple perspectives to make a well-rounded decision."}],"id":"M4-S2-A2"}]},{"id":"M4-S3","title":"Evaluating Evidence","description":"Understand how to evaluate evidence and make an informed decision based on credible sources.","activities":[{"type":"quiz","title":"Quiz 3: Evaluating Evidence","learning_objectives":[{"id":"decision_making_5","description":"Understand how to evaluate evidence and make an informed decision based on credible sources."}],"id":"M4-S3-A1"},{"type":"exercise","title":"Design Exercise: Evaluating Evidence","learning_objectives":[{"id":"decision_making_6","description":"Apply the concept of evaluating evidence to make an informed decision."}],"id":"M4-S3-A2"}]},{"id":"M4-S4","title":"Considering Long-Term Consequences","description":"Understand how to consider long-term consequences when making a decision and avoid impulsive choices.","activities":[{"type":"quiz","title":"Quiz 4: Considering Long-Term Consequences","learning_objectives":[{"id":"decision_making_7","description":"Understand how to consider long-term consequences when making a decision and avoid impulsive choices."}],"id":"M4-S4-A1"},{"type":"exercise","title":"Design Exercise: Considering Long-Term Consequences","learning_objectives":[{"id":"decision_making_8","description":"Apply the concept of considering long-term consequences to make a well-rounded decision."}],"id":"M4-S4-A2"}]},{"id":"M4-S5","title":"Considering Multiple Factors","description":"Understand how to consider multiple factors when making a decision and avoid oversimplification.","activities":[{"type":"quiz","title":"Quiz 5: Considering Multiple Factors","learning_objectives":[{"id":"decision_making_9","description":"Understand how to consider multiple factors when making a decision and avoid oversimplification."}],"id":"M4-S5-A1"},{"type":"exercise","title":"Design Exercise: Considering Multiple Factors","learning_objectives":[{"id":"decision_making_10","description":"Apply the concept of considering multiple factors to make a well-rounded decision."}],"id":"M4-S5-A2"}]},{"id":"M4-S6","title":"Considering Opportunities for Growth","description":"Understand how to consider opportunities for growth when making a decision and avoid stagnation.","activities":[{"type":"quiz","title":"Quiz 6: Considering Opportunities for Growth","learning_objectives":[{"id":"decision_making_11","description":"Understand how to consider opportunities for growth when making a decision and avoid stagnation."}],"id":"M4-S6-A1"},{"type":"exercise","title":"Design Exercise: Considering Opportunities for Growth","learning_objectives":[{"id":"decision_making_12","description":"Apply the concept of considering opportunities for growth to make a well-rounded decision."}],"id":"M4-S6-A2"}]},{"id":"M4-S7","title":"Considering Implications for Others","description":"Understand how to consider implications for others when making a decision and avoid neglecting the needs of those around you.","activities":[{"type":"quiz","title":"Quiz 7: Considering Implications for Others","learning_objectives":[{"id":"decision_making_13","description":"Understand how to consider implications for others when making a decision and avoid neglecting the needs of those around you."}],"id":"M4-S7-A1"},{"type":"exercise","title":"Design Exercise: Considering Implications for Others","learning_objectives":[{"id":"decision_making_14","description":"Apply the concept of considering implications for others to make a well-rounded decision."}],"id":"M4-S7-A2"}]},{"id":"M4-S8","title":"Considering Implications for the Environment","description":"Understand how to consider implications for the environment when making a decision and avoid neglecting the impact of your choices on the planet.","activities":[{"type":"quiz","title":"Quiz 8: Considering Implications for the Environment","learning_objectives":[{"id":"decision_making_15","description":"Understand how to consider implications for the environment when making a decision and avoid neglecting the impact of your choices on the planet."}],"id":"M4-S8-A1"},{"type":"exercise","title":"Design Exercise: Considering Implications for the Environment","learning_objectives":[{"id":"decision_making_16","description":"Apply the concept of considering implications for the environment to make a well-rounded decision."}],"id":"M4-S8-A2"}]},{"id":"M4-S9","title":"Considering Implications for Future Generations","description":"Understand how to consider implications for future generations when making a decision and avoid neglecting the long-term impact of your choices.","activities":[{"type":"quiz","title":"Quiz 9: Considering Implications for Future Generations","learning_objectives":[{"id":"decision_making_17","description":"Understand how to consider implications for future generations when making a decision and avoid neglecting the long-term impact of your choices."}],"id":"M4-S9-A1"},{"type":"exercise","title":"Design Exercise: Considering Implications for Future Generations","learning_objectives":[{"id":"decision_making_18","description":"Apply the concept of considering implications for future generations to make a well-rounded decision."}],"id":"M4-S9-A2"}]},{"id":"M4-S10","title":"Considering the Big Picture","description":"Understand how to consider the big picture when making a decision and avoid getting caught up in details.","activities":[{"type":"quiz","title":"Quiz 10: Considering the Big Picture","learning_objectives":[{"id":"decision_making_19","description":"Understand how to consider the big picture when making a decision and avoid getting caught up in details."}],"id":"M4-S10-A1"},{"type":"exercise","title":"Design Exercise: Considering the Big Picture","learning_objectives":[{"id":"decision_making_20","description":"Apply the concept of considering the big picture to make a well-rounded decision."}],"id":"M4-S10-A2"}]},{"id":"M4-S11","title":"Making a Decision","description":"Understand how to make a decision that aligns with your values and goals.","activities":[{"type":"quiz","title":"Quiz 11: Making a Decision","learning_objectives":[{"id":"decision_making_21","description":"Understand how to make a decision that aligns with your values and goals."}],"id":"M4-S11-A1"},{"type":"exercise","title":"Design Exercise: Making a Decision","learning_objectives":[{"id":"decision_making_22","description":"Apply the concept of making a decision that aligns with your values and goals to make a well-rounded decision."}],"id":"M4-S11-A2"}]},{"id":"M4-S12","title":"Evaluating Outcomes","description":"Understand how to evaluate outcomes after making a decision and adjust as needed.","activities":[{"type":"quiz","title":"Quiz 12: Evaluating Outcomes","learning_objectives":[{"id":"decision_making_23","description":"Understand how to evaluate outcomes after making a decision and adjust as needed."}],"id":"M4-S12-A1"},{"type":"exercise","title":"Design Exercise: Evaluating Outcomes","learning_objectives":[{"id":"decision_making_24","description":"Apply the concept of evaluating outcomes after making a decision to make adjustments and improve future decisions."}],"id":"M4-S12-A2"}]},{"id":"M4-S13","title":"Reflecting on Decisions","description":"Understand how to reflect on past decisions and learn from them.","activities":[{"type":"quiz","title":"Quiz 13: Reflecting on Decisions","learning_objectives":[{"id":"decision_making_25","description":"Understand how to reflect on past decisions and learn from them."}],"id":"M4-S13-A1"},{"type":"exercise","title":"Design Exercise: Reflecting on Decisions","learning_objectives":[{"id":"decision_making_26","description":"Apply the concept of reflecting on past decisions to learn and improve future decision-making."}],"id":"M4-S13-A2"}]},{"id":"M4-S14","title":"Practicing Decision Making","description":"Understand how to practice making decisions in a safe and supportive environment.","activities":[{"type":"quiz","title":"Quiz 14: Practicing Decision Making","learning_objectives":[{"id":"decision_making_27","description":"Understand how to practice making decisions in a safe and supportive environment."}],"id":"M4-S14-A1"},{"type":"exercise","title":"Design Exercise: Practicing Decision Making","learning_objectives":[{"id":"decision_making_28","description":"Apply the concept of practicing decision making to develop your skills and confidence in making decisions."}],"id":"M4-S14-A2"}]},{"id":"M4-S15","title":"Staying Open-Minded","description":"Understand how to stay open-minded and consider different perspectives when making decisions.","activities":[{"type":"quiz","title":"Quiz 15: Staying Open-Minded","learning_objectives":[{"id":"decision_making_29","description":"Understand how to stay open-minded and consider different perspectives when making decisions."}],"id":"M4-S15-A1"},{"type":"exercise","title":"Design Exercise: Staying Open-Minded","learning_objectives":[{"id":"decision_making_30","description":"Apply the concept of staying open-minded to make decisions that consider multiple perspectives and options."}],"id":"M4-S15-A2"}]},{"id":"M4-S16","title":"Staying Focused","description":"Understand how to stay focused and avoid distractions when making decisions.","activities":[{"type":"quiz","title":"Quiz 16: Staying Focused","learning_objectives":[{"id":"decision_making_31","description":"Understand how to stay focused and avoid distractions when making decisions."}],"id":"M4-S16-A1"},{"type":"exercise","title":"Design Exercise: Staying Focused","learning_objectives":[{"id":"decision_making_32","description":"Apply the concept of staying focused to make decisions that are clear and well-defined."}],"id":"M4-S16-A2"}]},{"id":"M4-S17","title":"Staying Resilient","description":"Understand how to stay resilient and bounce back from setbacks when making decisions.","activities":[{"type":"quiz","title":"Quiz 17: Staying Resilient","learning_objectives":[{"id":"decision_making_33","description":"Understand how to stay resilient and bounce back from setbacks when making decisions."}],"id":"M4-S17-A1"},{"type":"exercise","title":"Design Exercise: Staying Resilient","learning_objectives":[{"id":"decision_making_34","description":"Apply the concept of staying resilient to make decisions that can adapt to changing circumstances."}],"id":"M4-S17-A2"}]},{"id":"M4-S18","title":"Assessing Risks","description":"Understand how to assess risks and evaluate potential consequences when making decisions.","activities":[{"type":"quiz","title":"Quiz 18: Assessing Risks","learning_objectives":[{"id":"decision_making_35","description":"Understand how to assess risks and evaluate potential consequences when making decisions."}],"id":"M4-S18-A1"},{"type":"exercise","title":"Design Exercise: Assessing Risks","learning_objectives":[{"id":"decision_making_36","description":"Apply the concept of assessing risks to make decisions that consider potential dangers and consequences."}],"id":"M4-S18-A2"}]},{"id":"M4-S19","title":"Building Resilience","description":"Understand how to build resilience and develop coping strategies when facing challenges in decision-making.","activities":[{"type":"quiz","title":"Quiz 19: Building Resilience","learning_objectives":[{"id":"decision_making_37","description":"Understand how to build resilience and develop coping strategies when facing challenges in decision-making."}],"id":"M4-S19-A1"},{"type":"exercise","title":"Design Exercise: Building Resilience","learning_objectives":[{"id":"decision_making_38","description":"Apply the concept of building resilience to develop strategies for coping with uncertainty and adversity in decision-making."}],"id":"M4-S19-A2"}]},{"id":"M4-S20","title":"Managing Emotions","description":"Understand how to manage emotions and avoid biases when making decisions.","activities":[{"type":"quiz","title":"Quiz 20: Managing Emotions","learning_objectives":[{"id":"decision_making_39","description":"Understand how to manage emotions and avoid biases when making decisions."}],"id":"M4-S20-A1"},{"type":"exercise","title":"Design Exercise: Managing Emotions","learning_objectives":[{"id":"decision_making_40","description":"Apply the concept of managing emotions to make decisions that are free from personal biases and prejudices."}],"id":"M4-S20-A2"}]},{"id":"M4-S21","title":"Considering Multiple Perspectives","description":"Understand how to consider multiple perspectives and options when making decisions.","activities":[{"type":"quiz","title":"Quiz 21: Considering Multiple Perspectives","learning_objectives":[{"id":"decision_making_41","description":"Understand how to consider multiple perspectives and options when making decisions."}],"id":"M4-S21-A1"},{"type":"exercise","title":"Design Exercise: Considering Multiple Perspectives","learning_objectives":[{"id":"decision_making_42","description":"Apply the concept of considering multiple perspectives to make decisions that take into account different viewpoints and options."}],"id":"M4-S21-A2"}]},{"id":"M4-S22","title":"Evaluating Options","description":"Understand how to evaluate options and choose the best course of action when making decisions.","activities":[{"type":"quiz","title":"Quiz 22: Evaluating Options","learning_objectives":[{"id":"decision_making_43","description":"Understand how to evaluate options and choose the best course of action when making decisions."}],"id":"M4-S22-A1"},{"type":"exercise","title":"Design Exercise: Evaluating Options","learning_objectives":[{"id":"decision_making_44","description":"Apply the concept of evaluating options to make decisions that compare different choices and select the most effective one."}],"id":"M4-S22-A2"}]},{"id":"M4-S23","title":"Seeking Diverse Input","description":"Understand how to seek diverse input and gather information from multiple sources when making decisions.","activities":[{"type":"quiz","title":"Quiz 23: Seeking Diverse Input","learning_objectives":[{"id":"decision_making_45","description":"Understand how to seek diverse input and gather information from multiple sources when making decisions."}],"id":"M4-S23-A1"},{"type":"exercise","title":"Design Exercise: Seeking Diverse Input","learning_objectives":[{"id":"decision_making_46","description":"Apply the concept of seeking diverse input to gather information from multiple sources and make decisions that are informed by a wide range of perspectives."}],"id":"M4-S23-A2"}]},{"id":"M4-S24","title":"Using Coping Strategies","description":"Understand how to use coping strategies and develop resilience when facing challenges in decision-making.","activities":[{"type":"quiz","title":"Quiz 24: Using Coping Strategies","learning_objectives":[{"id":"decision_making_47","description":"Understand how to use coping strategies and develop resilience when facing challenges in decision-making."}],"id":"M4-S24-A1"},{"type":"exercise","title":"Design Exercise: Using Coping Strategies","learning_objectives":[{"id":"decision_making_48","description":"Apply the concept of using coping strategies to develop resilience and make decisions that are better equipped to handle uncertainty and adversity."}],"id":"M4-S24-A2"}]},{"id":"M4-S25","title":"Making Informed Decisions","description":"Understand how to make informed decisions by gathering information, evaluating options, and considering multiple perspectives.","activities":[{"type":"quiz","title":"Quiz 25: Making Informed Decisions","learning_objectives":[{"id":"decision_making_49","description":"Understand how to make informed decisions by gathering information, evaluating options, and considering multiple perspectives."}],"id":"M4-S25-A1"},{"type":"exercise","title":"Design Exercise: Making Informed Decisions","learning_objectives":[{"id":"decision_making_50","description":"Apply the concept of making informed decisions to gather information, evaluate options, and make choices that are well-informed and effective."}],"id":"M4-S25-A2"}]}]}]},"course_id":22,"user_id":3,"quiz_performance":{"topic_scores":{"general":100.0,"problem_solving":50.0,"learning_style":0.0,"logical_reasoning":50.0,"mathematical":50.0,"motivation":0.0},"overall_score":40.0,"weak_areas":["problem_solving","learning_style","logical_reasoning","mathematical","motivation"],"strengths":["general"],"total_questions_answered":10,"question_distribution":{"general":1,"problem_solving":2,"learning_style":2,"logical_reasoning":2,"mathematical":2,"motivation":1}}}