{"component_content":{"id":"CNT-M2-S1-A1","title":"Facilitating Effective Group Brainstorming Sessions","content":[{"id":"M2-S1-A1-C1","type":"text","title":"What is a Group Brainstorming Session?","content":"A group brainstorming session is an interactive process where multiple people come together to generate innovative ideas and solutions. The goal is to create a collaborative environment that encourages creativity, openness, and enthusiasm.","duration":"15 minutes","difficulty":"intermediate","learning_objectives":[],"parent_component_id":"M2-S1-A1"},{"id":"M2-S1-A1-C2","type":"text","title":"Preparing for a Group Brainstorming Session","content":"Before the session, prepare by: \n\n* Defining clear objectives and scope\n* Identifying participants and their roles\n* Setting ground rules for participation and respect\n* Choosing an appropriate format (e.g., free-flowing, structured)\n\nExample: Prepare a list of key questions or topics to discuss.\n\nKey Takeaway: Clear preparation ensures that everyone is on the same page and focused on achieving common objectives.","duration":"15 minutes","difficulty":"intermediate","learning_objectives":[],"parent_component_id":"M2-S1-A1"},{"id":"M2-S1-A1-C3","type":"text","title":"Effective Facilitation Techniques","content":"During the session:\n\n* Encourage active participation and engagement\n* Use open-ended questions to stimulate ideas\n* Foster a culture of respect, trust, and inclusivity\n* Manage time effectively and stay on track\n\nExample: Use a timer to set a time limit for each idea generation phase.\n\nKey Takeaway: Effective facilitation creates an environment where participants feel comfortable sharing their ideas and build trust with one another.","duration":"15 minutes","difficulty":"intermediate","learning_objectives":[],"parent_component_id":"M2-S1-A1"},{"id":"M2-S1-A1-C4","type":"text","title":"Practice Questions to Rehearse Facilitation Skills","content":"Try these scenarios: \n\n* A participant dominates the conversation and refuses to let others speak.\n* Someone has a conflicting opinion that disrupts the group's focus.\n* The group is struggling to generate ideas within the time limit.\n\nReflect on how you would handle each situation using effective facilitation techniques.\n\nKey Takeaway: Practicing different scenarios can help you develop the skills and confidence needed to facilitate a successful group brainstorming session.","duration":"15 minutes","difficulty":"intermediate","learning_objectives":[],"parent_component_id":"M2-S1-A1"},{"id":"M2-S1-A1-C5","type":"text","title":"Putting it All Together","content":"By following these steps and practicing your facilitation skills, you can create a productive and engaging group brainstorming session that yields innovative ideas and solutions. \n\nKey Takeaway: Effective group brainstorming sessions are a valuable tool for creative problem-solving and collaboration.","duration":"15 minutes","difficulty":"intermediate","learning_objectives":[],"parent_component_id":"M2-S1-A1"}],"parent_module_id":"M2-S1-A1","learning_objectives":[],"estimated_completion":"75 minutes"},"component_id":"M2-S1-A1","course_id":21,"user_id":3,"performance_context":{"quiz_performance":{"topic_scores":{"general":100.0,"problem_solving":50.0,"learning_style":0.0,"logical_reasoning":50.0,"mathematical":50.0,"motivation":0.0},"overall_score":40.0,"weak_areas":["problem_solving","learning_style","logical_reasoning","mathematical","motivation"],"strengths":["general"],"total_questions_answered":10,"question_distribution":{"general":1,"problem_solving":2,"learning_style":2,"logical_reasoning":2,"mathematical":2,"motivation":1}},"component_type":"module"}}