{"component_content":{"id":"CNT-M1-S1-A3","title":"Introduction to Types of AI","content":[{"id":"M1-S1-A3-C1","type":"text","title":"","content":"Artificial intelligence refers to the development of computer systems that can perform tasks that would typically require human intelligence, such as learning, problem-solving, and decision-making. AI is a broad field that encompasses various types of intelligent systems, including machine learning, natural language processing, and expert systems.","duration":"15 minutes","difficulty":"intermediate","learning_objectives":[],"parent_component_id":"M1-S1-A3"},{"id":"M1-S1-A3-C2","type":"text","title":"","content":"Machine learning is a subset of artificial intelligence that involves training algorithms on data to make predictions or decisions. It's based on the idea that by using large amounts of data, computers can learn and improve their performance over time. This type of AI has applications in areas such as image recognition, speech recognition, and natural language processing.","duration":"15 minutes","difficulty":"intermediate","learning_objectives":[],"parent_component_id":"M1-S1-A3"},{"id":"M1-S1-A3-C3","type":"text","title":"","content":"Some key takeaways about machine learning:\n\n*   It's a type of AI that uses algorithms to learn from data.\n\n*   The goal is to improve the accuracy of predictions or decisions based on the training data.","duration":"15 minutes","difficulty":"intermediate","learning_objectives":[],"parent_component_id":"M1-S1-A3"},{"id":"M1-S1-A3-C4","type":"text","title":"","content":"Deep learning is a subset of machine learning that involves the use of neural networks to analyze and interpret data. Neural networks are inspired by the human brain's structure and function, with layers of interconnected nodes or ","duration":"15 minutes","difficulty":"intermediate","learning_objectives":[],"parent_component_id":"M1-S1-A3"},{"id":"M1-S1-A3-C5","type":"text","title":"","content":"Reinforcement learning is a type of machine learning that involves training algorithms to make decisions based on rewards or penalties. The goal is to learn from trial and error, and improve performance over time.","duration":"15 minutes","difficulty":"intermediate","learning_objectives":[],"parent_component_id":"M1-S1-A3"},{"id":"M1-S1-A3-C6","type":"text","title":"","content":"Expert systems are a type of artificial intelligence that mimics the decision-making abilities of a human expert. They use rules-based systems to analyze data and make decisions, often in areas such as medicine or law.","duration":"15 minutes","difficulty":"intermediate","learning_objectives":[],"parent_component_id":"M1-S1-A3"},{"id":"M1-S1-A3-C7","type":"text","title":"","content":"Some key takeaways about the different types of AI:\n\n*   Machine learning: uses algorithms to learn from data.\n\n*   Deep learning: involves neural networks to analyze and interpret data.\n\n*   Reinforcement learning: trains algorithms to make decisions based on rewards or penalties.","duration":"15 minutes","difficulty":"intermediate","learning_objectives":[],"parent_component_id":"M1-S1-A3"},{"id":"M1-S1-A3-C8","type":"text","title":"","content":"Some practice questions to test your understanding:\n\n1. What is the main goal of machine learning?\n2. How do deep learning algorithms work?","duration":"15 minutes","difficulty":"intermediate","learning_objectives":[],"parent_component_id":"M1-S1-A3"},{"id":"M1-S1-A3-C9","type":"text","title":"","content":"Some reflection points to think about:\n\n1. How do you think machine learning can be used in your daily life?\n2. What are some potential applications of deep learning?","duration":"15 minutes","difficulty":"intermediate","learning_objectives":[],"parent_component_id":"M1-S1-A3"},{"id":"M1-S1-A3-C10","type":"text","title":"","content":"Some key takeaways about AI module:\n\n*   You will understand the different types of AI and their applications.\n\n*   You will learn how to identify pros and cons of using AI in different scenarios.","duration":"15 minutes","difficulty":"intermediate","learning_objectives":[],"parent_component_id":"M1-S1-A3"},{"id":"M1-S1-A3-C11","type":"text","title":"","content":"Some key takeaways about the assessment:\n\n*   The assessment will test your understanding of AI concepts and their applications.\n\n*   You will have the opportunity to apply what you have learned in a real-world scenario.","duration":"15 minutes","difficulty":"intermediate","learning_objectives":[],"parent_component_id":"M1-S1-A3"},{"id":"M1-S1-A3-C12","type":"text","title":"","content":"Some key takeaways about resources:\n\n*   There are many online resources available to learn more about AI and its applications.\n\n*   You can explore books, articles, and online courses to deepen your understanding.","duration":"15 minutes","difficulty":"intermediate","learning_objectives":[],"parent_component_id":"M1-S1-A3"},{"id":"M1-S1-A3-C13","type":"text","title":"","content":"Some key takeaways about the review:\n\n*   The module will provide a comprehensive overview of AI concepts and their applications.\n\n*   You will be able to apply what you have learned in real-world scenarios.","duration":"15 minutes","difficulty":"intermediate","learning_objectives":[],"parent_component_id":"M1-S1-A3"},{"id":"M1-S1-A3-C14","type":"text","title":"","content":"Some key takeaways about the conclusion:\n\n*   AI has many applications in different fields.\n\n*   Understanding the different types of AI can help you make informed decisions.","duration":"15 minutes","difficulty":"intermediate","learning_objectives":[],"parent_component_id":"M1-S1-A3"}],"parent_module_id":"M1-S1-A3","learning_objectives":[],"estimated_completion":"210 minutes"},"component_id":"M1-S1-A3","course_id":16,"user_id":1,"performance_context":{"quiz_performance":{"topic_scores":{"general":100.0,"problem_solving":100.0,"learning_style":0.0,"logical_reasoning":100.0,"mathematical":100.0,"motivation":100.0},"overall_score":80.0,"weak_areas":["learning_style"],"strengths":["general","problem_solving","logical_reasoning","mathematical","motivation"],"total_questions_answered":10,"question_distribution":{"general":1,"problem_solving":2,"learning_style":2,"logical_reasoning":2,"mathematical":2,"motivation":1}},"component_type":"module"}}