{"component_content":{"id":"CNT-M2-S2-A2","title":"Enhancing Collaboration and Communication through Peer Feedback","content":[{"id":"M2-S2-A2-C1","type":"text","title":"Understanding the Concept of Peer Feedback","content":"<p>A peer feedback session is an opportunity for students to give and receive constructive feedback on their work from their peers. It's an essential tool for learning, growth, and improvement.</p><p>During a peer feedback session, participants share their work, provide feedback, and engage in discussions to clarify any doubts or concerns.</p><p>Peer feedback sessions foster collaboration, communication, and mutual respect among group members.</p><p>Key benefits include:</p><ul><li>Improved understanding of assignments</li><li>Enhanced critical thinking skills</li><li>Development of effective communication strategies</li><li>Fostered teamwork and collaboration</li></ul><p>By participating in peer feedback sessions, you'll gain valuable experience in giving and receiving constructive feedback, which is a crucial skill for academic success.</p>","duration":"15 minutes","difficulty":"intermediate","learning_objectives":[],"parent_component_id":"M2-S2-A2"}],"parent_module_id":"M2-S2-A2","learning_objectives":[],"estimated_completion":"15 minutes"},"component_id":"M2-S2-A2","course_id":21,"user_id":3,"performance_context":{"quiz_performance":{"topic_scores":{"general":100.0,"problem_solving":50.0,"learning_style":0.0,"logical_reasoning":50.0,"mathematical":50.0,"motivation":0.0},"overall_score":40.0,"weak_areas":["problem_solving","learning_style","logical_reasoning","mathematical","motivation"],"strengths":["general"],"total_questions_answered":10,"question_distribution":{"general":1,"problem_solving":2,"learning_style":2,"logical_reasoning":2,"mathematical":2,"motivation":1}},"component_type":"module"}}