{"component_content":{"id":"CNT-M1-S1-A2","title":"Understanding Empathy and Practicing Compassion","content":[{"id":"M1-S1-A2-C1","type":"text","title":"What is Empathy?","content":"Empathy is the ability to understand and share the feelings of another person. It's about being able to put yourself in someone else's shoes and see things from their perspective. Empathy is an essential skill for building strong relationships, resolving conflicts, and creating a positive work environment.","duration":"15 minutes","difficulty":"intermediate","learning_objectives":[],"parent_component_id":"M1-S1-A2"}],"parent_module_id":"M1-S1-A2","learning_objectives":[],"estimated_completion":"15 minutes"},"component_id":"M1-S1-A2","course_id":21,"user_id":3,"performance_context":{"quiz_performance":{"topic_scores":{"general":100.0,"problem_solving":50.0,"learning_style":0.0,"logical_reasoning":50.0,"mathematical":50.0,"motivation":0.0},"overall_score":40.0,"weak_areas":["problem_solving","learning_style","logical_reasoning","mathematical","motivation"],"strengths":["general"],"total_questions_answered":10,"question_distribution":{"general":1,"problem_solving":2,"learning_style":2,"logical_reasoning":2,"mathematical":2,"motivation":1}},"component_type":"module"}}