{
  "recommendations" : [ {
    "id" : 16,
    "title" : "Introduction to Artificial Intelligence",
    "description" : "Dive into the world of AI and explore its applications in technology.",
    "confidence_score" : 95.0
  }, {
    "id" : 17,
    "title" : "Data Structures and Algorithms",
    "description" : "Improve your problem-solving skills with a comprehensive course on data structures and algorithms.",
    "confidence_score" : 90.0
  }, {
    "id" : 18,
    "title" : "Machine Learning for Academics",
    "description" : "Apply machine learning concepts to real-world problems in an academic setting.",
    "confidence_score" : 92.0
  } ],
  "user_id" : 1,
  "quiz_performance" : {
    "topic_scores" : {
      "general" : 100.0,
      "problem_solving" : 100.0,
      "learning_style" : 0.0,
      "logical_reasoning" : 100.0,
      "mathematical" : 100.0,
      "motivation" : 100.0
    },
    "overall_score" : 80.0,
    "weak_areas" : [ "learning_style" ],
    "strengths" : [ "general", "problem_solving", "logical_reasoning", "mathematical", "motivation" ],
    "total_questions_answered" : 10,
    "question_distribution" : {
      "general" : 1,
      "problem_solving" : 2,
      "learning_style" : 2,
      "logical_reasoning" : 2,
      "mathematical" : 2,
      "motivation" : 1
    }
  }
}