{"component_content":{"id":"CNT-M2-S2-A1","title":"Assess Your Knowledge and Skills","content":[{"id":"M2-S2-A1-C1","type":"text","title":"Getting Started","content":"<p>As you progress through this module, it's essential to reflect on your knowledge and skills. This self-assessment exercise will help you identify areas where you need improvement and reinforce what you already know.</p>\n<p>Please take a few minutes to complete the following sections, and don't worry if you're not sure about some questions - it's all part of the learning process!</p>","duration":"15 minutes","difficulty":"intermediate","learning_objectives":[],"parent_component_id":"M2-S2-A1"}],"parent_module_id":"M2-S2-A1","learning_objectives":[],"estimated_completion":"15 minutes"},"component_id":"M2-S2-A1","course_id":21,"user_id":3,"performance_context":{"quiz_performance":{"topic_scores":{"general":100.0,"problem_solving":50.0,"learning_style":0.0,"logical_reasoning":50.0,"mathematical":50.0,"motivation":0.0},"overall_score":40.0,"weak_areas":["problem_solving","learning_style","logical_reasoning","mathematical","motivation"],"strengths":["general"],"total_questions_answered":10,"question_distribution":{"general":1,"problem_solving":2,"learning_style":2,"logical_reasoning":2,"mathematical":2,"motivation":1}},"component_type":"module"}}